ID	Description	GeneRatio	BgRatio	pvalue	p.adjust	qvalue	geneID	Count
GO:0006957	complement activation, alternative pathway	3/48	18/18870	1.22710884817223e-05	0.0112185420024175	0.00882269799375067	CFD/CR1/CFP	3
GO:0006956	complement activation	4/48	67/18870	2.51083961449852e-05	0.0112185420024175	0.00882269799375067	CFD/CD5L/CR1/CFP	4
GO:0008360	regulation of cell shape	5/48	140/18870	2.7722920928544e-05	0.0112185420024175	0.00882269799375067	FMNL2/CSF1R/EPB41L3/SEMA4D/ARHGEF18	5
